{"train/loss":1.0502901077270508,"train/l_repr":0.0166015625,"train/lr":2.35e-06,"train/l_task":1.0486299991607666,"train/epoch":0.02593103448275862,"_wandb":{"runtime":976},"_step":471,"_runtime":976.41291208,"_timestamp":1.775467145343437e+09}